CAG,20,21,22,23,24,25,26,27,28,29,30,31,32,33,34,35,36,37,38,39,40,41,42,43,44,45,46,47,48,49,50,51,52,53,54,55,56,57,58,59,60,61,62,63,64,65,66,67,68,69,70,71,72,73,74,75,76,77,78,79,80,81,82,83,84,85,86,87,88,89
36,0,0,0,0,0,0,0,0,0,0,0,0,0,0,0,2,2,2,2,2,3,3,3,3,3,3,3,3,3,3,2,2,2,2,2,0,0,0,0,0,25,25,25,25,25,17,17,17,17,17,49,49,49,49,49,43,43,43,43,43,NA,NA,NA,NA,NA,NA,NA,NA,NA,NA
37,0,0,0,0,0,0,0,0,0,0,0,0,0,0,0,1,1,1,1,1,1,1,1,1,1,1,1,1,1,1,3,3,3,3,3,6,6,6,6,6,23,23,23,23,23,26,26,26,26,26,14.5,14.5,14.5,14.5,14.5,26,26,26,26,26,NA,NA,NA,NA,NA,NA,NA,NA,NA,NA
38,0,0,0,0,0,0.5,0.5,0.5,0.5,0.5,0,0,0,0,0,1,1,1,1,1,0,0,0,0,0,1,1,1,1,1,2,2,2,2,2,2,2,2,2,2,4,4,4,4,4,5,5,5,5,5,10,10,10,10,10,15.5,15.5,15.5,15.5,15.5,9.5,9.5,9.5,9.5,9.5,NA,NA,NA,NA,NA
39,0,0,0,0,0,0,0,0,0,0,0,0,0,0,0,0,0,0,0,0,0,0,0,0,0,2,2,2,2,2,2,2,2,2,2,3,3,3,3,3,6,6,6,6,6,8,8,8,8,8,16,16,16,16,16,28,28,28,28,28,33.5,33.5,33.5,33.5,33.5,33,33,33,33,33
40,0,0,0,0,0,0,0,0,0,0,0,0,0,0,0,1,1,1,1,1,1,1,1,1,1,2,2,2,2,2,3,3,3,3,3,6,6,6,6,6,12,12,12,12,12,24,24,24,24,24,33,33,33,33,33,41,41,41,41,41,46,46,46,46,46,43.5,43.5,43.5,43.5,43.5
41,0,0,0,0,0,0,0,0,0,0,0,0,0,0,0,1,1,1,1,1,1,1,1,1,1,3,3,3,3,3,9,9,9,9,9,17,17,17,17,17,25,25,25,25,25,35,35,35,35,35,42,42,42,42,42,50,50,50,50,50,54,54,54,54,54,57.5,57.5,57.5,57.5,57.5
42,0,0,0,0,0,0,0,0,0,0,0,0,0,0,0,1,1,1,1,1,2,2,2,2,2,8,8,8,8,8,18,18,18,18,18,29,29,29,29,29,37,37,37,37,37,49,49,49,49,49,52,52,52,52,52,61,61,61,61,61,75.5,75.5,75.5,75.5,75.5,89.5,89.5,89.5,89.5,89.5
43,0,0,0,0,0,0,0,0,0,0,1,1,1,1,1,2,2,2,2,2,7,7,7,7,7,16,16,16,16,16,28,28,28,28,28,39,39,39,39,39,49,49,49,49,49,61,61,61,61,61,63,63,63,63,63,66.5,66.5,66.5,66.5,66.5,NA,NA,NA,NA,NA,NA,NA,NA,NA,NA
44,0,0,0,0,0,1,1,1,1,1,2,2,2,2,2,4,4,4,4,4,15,15,15,15,15,26,26,26,26,26,40,40,40,40,40,51,51,51,51,51,63,63,63,63,63,78,78,78,78,78,73,73,73,73,73,NA,NA,NA,NA,NA,NA,NA,NA,NA,NA,NA,NA,NA,NA,NA
45,0,0,0,0,0,0,0,0,0,0,3,3,3,3,3,9,9,9,9,9,25,25,25,25,25,38,38,38,38,38,51,51,51,51,51,59,59,59,59,59,75,75,75,75,75,72,72,72,72,72,72,72,72,72,72,NA,NA,NA,NA,NA,NA,NA,NA,NA,NA,NA,NA,NA,NA,NA
46,0,0,0,0,0,3,3,3,3,3,5,5,5,5,5,17,17,17,17,17,31,31,31,31,31,47,47,47,47,47,57,57,57,57,57,65,65,65,65,65,80,80,80,80,80,95,95,95,95,95,NA,NA,NA,NA,NA,NA,NA,NA,NA,NA,NA,NA,NA,NA,NA,NA,NA,NA,NA,NA
47,0,0,0,0,0,1,1,1,1,1,5.5,5.5,5.5,5.5,5.5,23,23,23,23,23,42,42,42,42,42,56,56,56,56,56,66,66,66,66,66,71,71,71,71,71,54,54,54,54,54,NA,NA,NA,NA,NA,NA,NA,NA,NA,NA,NA,NA,NA,NA,NA,NA,NA,NA,NA,NA,NA,NA,NA,NA,NA
48,3,3,3,3,3,5,5,5,5,5,21,21,21,21,21,31.5,31.5,31.5,31.5,31.5,48,48,48,48,48,69.5,69.5,69.5,69.5,69.5,68,68,68,68,68,82.5,82.5,82.5,82.5,82.5,NA,NA,NA,NA,NA,NA,NA,NA,NA,NA,NA,NA,NA,NA,NA,NA,NA,NA,NA,NA,NA,NA,NA,NA,NA,NA,NA,NA,NA,NA
49,1,1,1,1,1,5,5,5,5,5,22,22,22,22,22,41,41,41,41,41,52.5,52.5,52.5,52.5,52.5,66,66,66,66,66,84,84,84,84,84,96,96,96,96,96,NA,NA,NA,NA,NA,NA,NA,NA,NA,NA,NA,NA,NA,NA,NA,NA,NA,NA,NA,NA,NA,NA,NA,NA,NA,NA,NA,NA,NA,NA
50,0,0,0,0,0,6,6,6,6,6,28,28,28,28,28,41,41,41,41,41,58,58,58,58,58,68,68,68,68,68,101,101,101,101,101,NA,NA,NA,NA,NA,NA,NA,NA,NA,NA,NA,NA,NA,NA,NA,NA,NA,NA,NA,NA,NA,NA,NA,NA,NA,NA,NA,NA,NA,NA,NA,NA,NA,NA,NA
51,1,1,1,1,1,18,18,18,18,18,37,37,37,37,37,49,49,49,49,49,56.5,56.5,56.5,56.5,56.5,64,64,64,64,64,75.5,75.5,75.5,75.5,75.5,NA,NA,NA,NA,NA,NA,NA,NA,NA,NA,NA,NA,NA,NA,NA,NA,NA,NA,NA,NA,NA,NA,NA,NA,NA,NA,NA,NA,NA,NA,NA,NA,NA,NA,NA
52,7,7,7,7,7,27,27,27,27,27,46,46,46,46,46,61,61,61,61,61,67.5,67.5,67.5,67.5,67.5,NA,NA,NA,NA,NA,NA,NA,NA,NA,NA,NA,NA,NA,NA,NA,NA,NA,NA,NA,NA,NA,NA,NA,NA,NA,NA,NA,NA,NA,NA,NA,NA,NA,NA,NA,NA,NA,NA,NA,NA,NA,NA,NA,NA,NA
53,9,9,9,9,9,35,35,35,35,35,51,51,51,51,51,56,56,56,56,56,81,81,81,81,81,NA,NA,NA,NA,NA,NA,NA,NA,NA,NA,NA,NA,NA,NA,NA,NA,NA,NA,NA,NA,NA,NA,NA,NA,NA,NA,NA,NA,NA,NA,NA,NA,NA,NA,NA,NA,NA,NA,NA,NA,NA,NA,NA,NA,NA
54,17.5,17.5,17.5,17.5,17.5,35.5,35.5,35.5,35.5,35.5,56,56,56,56,56,65,65,65,65,65,83.5,83.5,83.5,83.5,83.5,NA,NA,NA,NA,NA,NA,NA,NA,NA,NA,NA,NA,NA,NA,NA,NA,NA,NA,NA,NA,NA,NA,NA,NA,NA,NA,NA,NA,NA,NA,NA,NA,NA,NA,NA,NA,NA,NA,NA,NA,NA,NA,NA,NA,NA
55,25,25,25,25,25,34,34,34,34,34,60,60,60,60,60,70,70,70,70,70,NA,NA,NA,NA,NA,NA,NA,NA,NA,NA,NA,NA,NA,NA,NA,NA,NA,NA,NA,NA,NA,NA,NA,NA,NA,NA,NA,NA,NA,NA,NA,NA,NA,NA,NA,NA,NA,NA,NA,NA,NA,NA,NA,NA,NA,NA,NA,NA,NA,NA
56,19,19,19,19,19,41,41,41,41,41,53,53,53,53,53,68,68,68,68,68,NA,NA,NA,NA,NA,NA,NA,NA,NA,NA,NA,NA,NA,NA,NA,NA,NA,NA,NA,NA,NA,NA,NA,NA,NA,NA,NA,NA,NA,NA,NA,NA,NA,NA,NA,NA,NA,NA,NA,NA,NA,NA,NA,NA,NA,NA,NA,NA,NA,NA
57,20,20,20,20,20,44.5,44.5,44.5,44.5,44.5,55,55,55,55,55,73.5,73.5,73.5,73.5,73.5,NA,NA,NA,NA,NA,NA,NA,NA,NA,NA,NA,NA,NA,NA,NA,NA,NA,NA,NA,NA,NA,NA,NA,NA,NA,NA,NA,NA,NA,NA,NA,NA,NA,NA,NA,NA,NA,NA,NA,NA,NA,NA,NA,NA,NA,NA,NA,NA,NA,NA
58,29,29,29,29,29,45,45,45,45,45,40,40,40,40,40,45,45,45,45,45,NA,NA,NA,NA,NA,NA,NA,NA,NA,NA,NA,NA,NA,NA,NA,NA,NA,NA,NA,NA,NA,NA,NA,NA,NA,NA,NA,NA,NA,NA,NA,NA,NA,NA,NA,NA,NA,NA,NA,NA,NA,NA,NA,NA,NA,NA,NA,NA,NA,NA
59,NA,NA,NA,NA,NA,55,55,55,55,55,62,62,62,62,62,NA,NA,NA,NA,NA,NA,NA,NA,NA,NA,NA,NA,NA,NA,NA,NA,NA,NA,NA,NA,NA,NA,NA,NA,NA,NA,NA,NA,NA,NA,NA,NA,NA,NA,NA,NA,NA,NA,NA,NA,NA,NA,NA,NA,NA,NA,NA,NA,NA,NA,NA,NA,NA,NA,NA
60,23,23,23,23,23,59.5,59.5,59.5,59.5,59.5,75,75,75,75,75,NA,NA,NA,NA,NA,NA,NA,NA,NA,NA,NA,NA,NA,NA,NA,NA,NA,NA,NA,NA,NA,NA,NA,NA,NA,NA,NA,NA,NA,NA,NA,NA,NA,NA,NA,NA,NA,NA,NA,NA,NA,NA,NA,NA,NA,NA,NA,NA,NA,NA,NA,NA,NA,NA,NA
61,51,51,51,51,51,50,50,50,50,50,73,73,73,73,73,NA,NA,NA,NA,NA,NA,NA,NA,NA,NA,NA,NA,NA,NA,NA,NA,NA,NA,NA,NA,NA,NA,NA,NA,NA,NA,NA,NA,NA,NA,NA,NA,NA,NA,NA,NA,NA,NA,NA,NA,NA,NA,NA,NA,NA,NA,NA,NA,NA,NA,NA,NA,NA,NA,NA
62,NA,NA,NA,NA,NA,60,60,60,60,60,72.5,72.5,72.5,72.5,72.5,NA,NA,NA,NA,NA,NA,NA,NA,NA,NA,NA,NA,NA,NA,NA,NA,NA,NA,NA,NA,NA,NA,NA,NA,NA,NA,NA,NA,NA,NA,NA,NA,NA,NA,NA,NA,NA,NA,NA,NA,NA,NA,NA,NA,NA,NA,NA,NA,NA,NA,NA,NA,NA,NA,NA
63,36,36,36,36,36,59,59,59,59,59,68,68,68,68,68,NA,NA,NA,NA,NA,NA,NA,NA,NA,NA,NA,NA,NA,NA,NA,NA,NA,NA,NA,NA,NA,NA,NA,NA,NA,NA,NA,NA,NA,NA,NA,NA,NA,NA,NA,NA,NA,NA,NA,NA,NA,NA,NA,NA,NA,NA,NA,NA,NA,NA,NA,NA,NA,NA,NA
64,48,48,48,48,48,61.5,61.5,61.5,61.5,61.5,NA,NA,NA,NA,NA,NA,NA,NA,NA,NA,NA,NA,NA,NA,NA,NA,NA,NA,NA,NA,NA,NA,NA,NA,NA,NA,NA,NA,NA,NA,NA,NA,NA,NA,NA,NA,NA,NA,NA,NA,NA,NA,NA,NA,NA,NA,NA,NA,NA,NA,NA,NA,NA,NA,NA,NA,NA,NA,NA,NA
65,NA,NA,NA,NA,NA,63,63,63,63,63,65,65,65,65,65,NA,NA,NA,NA,NA,NA,NA,NA,NA,NA,NA,NA,NA,NA,NA,NA,NA,NA,NA,NA,NA,NA,NA,NA,NA,NA,NA,NA,NA,NA,NA,NA,NA,NA,NA,NA,NA,NA,NA,NA,NA,NA,NA,NA,NA,NA,NA,NA,NA,NA,NA,NA,NA,NA,NA
66,55,55,55,55,55,76,76,76,76,76,NA,NA,NA,NA,NA,NA,NA,NA,NA,NA,NA,NA,NA,NA,NA,NA,NA,NA,NA,NA,NA,NA,NA,NA,NA,NA,NA,NA,NA,NA,NA,NA,NA,NA,NA,NA,NA,NA,NA,NA,NA,NA,NA,NA,NA,NA,NA,NA,NA,NA,NA,NA,NA,NA,NA,NA,NA,NA,NA,NA
67,40.5,40.5,40.5,40.5,40.5,72,72,72,72,72,NA,NA,NA,NA,NA,NA,NA,NA,NA,NA,NA,NA,NA,NA,NA,NA,NA,NA,NA,NA,NA,NA,NA,NA,NA,NA,NA,NA,NA,NA,NA,NA,NA,NA,NA,NA,NA,NA,NA,NA,NA,NA,NA,NA,NA,NA,NA,NA,NA,NA,NA,NA,NA,NA,NA,NA,NA,NA,NA,NA
69,60,60,60,60,60,NA,NA,NA,NA,NA,NA,NA,NA,NA,NA,NA,NA,NA,NA,NA,NA,NA,NA,NA,NA,NA,NA,NA,NA,NA,NA,NA,NA,NA,NA,NA,NA,NA,NA,NA,NA,NA,NA,NA,NA,NA,NA,NA,NA,NA,NA,NA,NA,NA,NA,NA,NA,NA,NA,NA,NA,NA,NA,NA,NA,NA,NA,NA,NA,NA
70+,NA,NA,NA,NA,NA,NA,NA,NA,NA,NA,NA,NA,NA,NA,NA,NA,NA,NA,NA,NA,NA,NA,NA,NA,NA,NA,NA,NA,NA,NA,NA,NA,NA,NA,NA,NA,NA,NA,NA,NA,NA,NA,NA,NA,NA,NA,NA,NA,NA,NA,NA,NA,NA,NA,NA,NA,NA,NA,NA,NA,NA,NA,NA,NA,NA,NA,NA,NA,NA,NA